[
  {
    "path": "assets/aster-188047_640.jpg",
    "description": "Aster morado - Flores ideales para arreglos otoñales"
  },
  {
    "path": "assets/bouquet-168831_640.jpg",
    "description": "Ramo de flores moradas - Perfecto para bodas"
  },
  {
    "path": "assets/gerbera-1303395_640.jpg",
    "description": "Gerberas moradas - Flores alegres y duraderas"
  },
  {
    "path": "assets/flowers-3182324_640.jpg",
    "description": "Campo de lavanda - Aroma relajante y color vibrante"
  },
  {
    "path": "assets/lavenders-6382337_640.jpg",
    "description": "Lavanda fresca - Ideal para aromaterapia"
  },
  {
    "path": "assets/nature-4962116_640.jpg",
    "description": "Naturaleza morada - Flores silvestres en su hábitat"
  }
]